﻿"Cube Title","Product Id","CANSIM Id",URL,"Cube Notes","Archive Status",Frequency,"Start Reference Period","End Reference Period","Total number of dimensions"
"Estimated areas, yield and production of principal field crops by Small Area Data Regions, in metric and imperial units",32100002,001-0071,"https://www150.statcan.gc.ca/t1/tbl1/en/tv.action?pid=3210000201",1;2;9,"CURRENT - a cube available to the public and that is current",Annual,1976-01-01,2020-01-01,3

"Dimension ID","Dimension name","Dimension Notes","Dimension Definitions"
1,Geography,,
2,"Harvest disposition",,
3,"Type of crop",,

"Dimension ID","Member Name","Classification Code","Member ID","Parent Member ID",Terminated,"Member Notes","Member Definitions"
1,Québec,[24],1,,,3;4;5,
1,"Bas-Saint-Laurent and Gaspésie-Îles de-la-Madeleine, 1 - Québec",,2,1,,,
1,"Saguenay-Lac-Saint-Jean and Côte-Nord, 2 - Québec",,3,1,,,
1,"Capitale nationale and Mauricie, 3 - Québec",,4,1,,,
1,"Estrie, 4 - Québec",,5,1,,,
1,"Montréal, Laval and Lanaudière, 5 - Québec",,6,1,,,
1,"Outaouais and Laurentides, 6 - Québec",,7,1,,,
1,"Abitibi-Témiscamingue and Nord-du-Québec, 7 - Québec",,8,1,,,
1,"Chaudières-Appalaches, 8 - Québec",,9,1,,,
1,"Montérégie Nord-est, 9 - Québec",,10,1,,,
1,"Montérégie Sud-ouest, 10 - Québec",,11,1,,,
1,"Centre-du-Québec, 11 - Québec",,12,1,,,
1,Ontario,[35],13,,,4,
1,"Southern Ontario Region 1 - Ontario",,14,13,,,
1,"Western Ontario Region 2 - Ontario",,15,13,,,
1,"Central Ontario Region 3 - Ontario",,16,13,,,
1,"Eastern Ontario Region 4 - Ontario",,17,13,,,
1,"Northern Ontario Region 5 - Ontario",,18,13,,,
1,Manitoba,[46],19,,,4;6,
1,"Small Area Data Region 1 - Manitoba",,20,19,,,
1,"Small Area Data Region 2 - Manitoba",,21,19,,,
1,"Small Area Data Region 3 - Manitoba",,22,19,,,
1,"Small Area Data Region 4 - Manitoba",,23,19,,,
1,"Small Area Data Region 5 - Manitoba",,24,19,,,
1,"Small Area Data Region 6 - Manitoba",,25,19,,,
1,"Small Area Data Region 7 - Manitoba",,26,19,,,
1,"Small Area Data Region 8 - Manitoba",,27,19,,,
1,"Small Area Data Region 9 - Manitoba",,28,19,,,
1,"Small Area Data Region 10 - Manitoba",,29,19,,,
1,"Small Area Data Region 11 - Manitoba",,30,19,,,
1,"Small Area DataRegion 12 - Manitoba",,31,19,,,
1,Saskatchewan,[47],32,,,4,
1,"Small Area Data Region 1 - Saskatchewan",,33,32,t,,
1,"Small Area Data Region 2 - Saskatchewan",,34,32,t,,
1,"Small Area Data Region 3 - Saskatchewan",,35,32,t,,
1,"Small Area Data Region 4 - Saskatchewan",,36,32,t,,
1,"Small Area Data Region 5 - Saskatchewan",,37,32,t,,
1,"Small Area Data Region 6 - Saskatchewan",,38,32,t,,
1,"Small Area Data Region 7 - Saskatchewan",,39,32,t,,
1,"Small Area Data Region 8 - Saskatchewan",,40,32,t,,
1,"Small Area Data Region 9 - Saskatchewan",,41,32,t,,
1,"Small Area Data Region 10 - Saskatchewan",,42,32,t,,
1,"Small Area Data Region 11 - Saskatchewan",,43,32,t,,
1,"Small Area Data Region 12 - Saskatchewan",,44,32,t,,
1,"Small Area Data Region 13 - Saskatchewan",,45,32,t,,
1,"Small Area Data Region 14 - Saskatchewan",,46,32,t,,
1,"Small Area Data Region 15 - Saskatchewan",,47,32,t,,
1,"Small Area Data Region 16 - Saskatchewan",,48,32,t,,
1,"Small Area Data Region 17 - Saskatchewan",,49,32,t,,
1,"Small Area Data Region 18 - Saskatchewan",,50,32,t,,
1,"Small Area Data Region 19 - Saskatchewan",,51,32,t,,
1,"Small Area Data Region 20 - Saskatchewan",,52,32,t,,
1,Alberta,[48],53,,,4,
1,"Small Area Data Region 10 - Alberta",,54,53,,,
1,"Small Area Data Region 20 - Alberta",,55,53,,,
1,"Small Area Data Region 30 - Alberta",,56,53,,,
1,"Small Area Data Region 40 - Alberta",,57,53,,,
1,"Small Area Data Region 41 - Alberta",,58,53,,,
1,"Small Area Data Region 50 - Alberta",,59,53,,,
1,"Small Area Data Region 60 - Alberta",,60,53,,,
1,"Small Area Data Region 70 - Alberta",,61,53,,,
1,"British Columbia",[59],62,,,4,
1,"Non Peace, 1 - British Columbia",,63,62,,,
1,"Peace River, 8 - British Columbia",,64,62,,,
1,"Small Area Data Region 1 - Saskatchewan (corresponds to Census Division 1 from 2016 Census of Agriculture",,65,32,,,
1,"Small Area Data Region 2 - Saskatchewan (corresponds to Census Division 2 from 2016 Census of Agriculture)",,66,32,,,
1,"Small Area Data Region 3 - Saskatchewan (corresponds to Census Division 3 from 2016 Census of Agriculture)",,67,32,,,
1,"Small Area Data Region 4 - Saskatchewan (corresponds to Census Division 4 from 2016 Census of Agriculture)",,68,32,,,
1,"Small Area Data Region 5 - Saskatchewan (corresponds to Census Division 5 from 2016 Census of Agriculture)",,69,32,,,
1,"Small Area Data Region 6 - Saskatchewan (corresponds to Census Division 6 from 2016 Census of Agriculture)",,70,32,,,
1,"Small Area Data Region 7 - Saskatchewan (corresponds to Census Division 7 from 2016 Census of Agriculture)",,71,32,,,
1,"Small Area Data Region 8 - Saskatchewan (corresponds to Census Division 8 from 2016 Census of Agriculture)",,72,32,,,
1,"Small Area Data Region 9 - Saskatchewan (corresponds to Census Division 9 from 2016 Census of Agriculture)",,73,32,,,
1,"Small Area Data Region 10 - Saskatchewan (corresponds to Census Division 10 from 2016 Census of Agriculture)",,74,32,,,
1,"Small Area Data Region 11 - Saskatchewan (corresponds to Census Division 11 from 2016 Census of Agriculture)",,75,32,,,
1,"Small Area Data Region 12 - Saskatchewan (corresponds to Census Division 12 from 2016 Census of Agriculture)",,76,32,,,
1,"Small Area Data Region 13 - Saskatchewan (corresponds to Census Division 13 from 2016 Census of Agriculture)",,77,32,,,
1,"Small Area Data Region 14 - Saskatchewan (corresponds to Census Division 14 from 2016 Census of Agriculture)",,78,32,,,
1,"Small Area Data Region 15 - Saskatchewan (corresponds to Census Division 15 from 2016 Census of Agriculture)",,79,32,,,
1,"Small Area Data Region 16 - Saskatchewan (corresponds to Census Divisions 16 and 18 from 2016 Census of Agriculture)",,80,32,,,
1,"Small Area Data Region 17 - Saskatchewan (corresponds to Census Division 17 from 2016 Census of Agriculture)",,81,32,,,
2,"Seeded area (acres)",,1,,,,
2,"Seeded area (hectares)",,2,,,,
2,"Harvested area (acres)",,3,,,,
2,"Harvested area (hectares)",,4,,,,
2,"Average yield (bushels per acre)",,5,,,,
2,"Average yield (pounds per acre)",,6,,,,
2,"Average yield (kilograms per hectare)",,7,,,7,
2,"Production (bushels)",,8,,,,
2,"Production (pounds)",,9,,,,
2,"Production (metric tonnes)",,10,,,,
3,Barley,,1,,,,
3,"Canary seed",,2,,,,
3,Canola,,3,,,,
3,"Chick peas",,4,,,,
3,"Corn for grain",,5,,,,
3,Flaxseed,,6,,,,
3,Lentils,,7,,,,
3,"Mustard seed",,8,,,,
3,Oats,,9,,,,
3,"Peas, dry",,10,,,,
3,"Rye, all",,11,,,,
3,"Rye, fall remaining",,12,,,,
3,"Rye, spring",,13,,,,
3,Soybeans,,14,,,,
3,Summerfallow,,15,,,,
3,"Sunflower seed",,16,,,,
3,Triticale,,17,,,,
3,"Wheat, all",,18,,,8,
3,"Wheat, durum",,19,,,,
3,"Wheat, spring",,20,,,,
3,"Wheat, winter remaining",,21,,,,

Symbol Legend
Description,Symbol
"not available for a specific reference period",..
"less than the limit of detection",<LOD
"value rounded to 0 (zero) where there is a meaningful distinction between true zero and the value that was rounded",0s
"data quality: excellent",A
"data quality: very good",B
"data quality: good",C
"data quality: acceptable",D
"use with caution",E
"too unreliable to be published",F
"not applicable",...
preliminary,p
revised,r
"suppressed to meet the confidentiality requirements of the Statistics Act",x
terminated,t

"Survey Code","Survey Name"
3401,"Field Crop Reporting Series"

"Subject Code","Subject Name"
32,"Agriculture and food"

"Note ID",Note
1,"This data is the same data as published in our last crop release of the civil year from the previous November survey, published in early December of each year in 32-10-0359-01 (previously known as 001-0017), except that it's broken down at the Small Area Data (SAD) Region level."
2,"Most Small Area Data (SAD) geographies correspond exactly with the Census Agriculture Region (CAR) limits, except some regions of Quebec, Saskatchewan and British Columbia. For exact correspondence, see the following <a href=""http://www.statcan.gc.ca/eng/statistical-programs/document/3401_D2_V2""> document</a>."
3,"From 2007 to 2019, the regional distribution of the data for Quebec was provided by l'Institut de la statistique du Québec (ISQ)."
4,"Totals may not equal the sum of their parts due to the use of conversion factors or rounding of fractions to whole numbers."
5,"Data for Quebec are available starting with reference year 2007."
6,"Data for Manitoba are available starting with reference year 1977."
7,"Yields in metric units of measure are rounded to the nearest hundred."
8,"For years 1986 to 1996, total wheat, seeded area includes winter wheat seeded in the fall."
9,"The small area data contained in this table gets updated only once a year in mid-February, including historical provincial revisions that may have occurred in table 32-10-0359-01 (previously known as 001-0017) prior to this date."

"Correction ID","Correction Date","Correction Note"
1041,2018-03-06,"<p>On March 6, 2018, the following corrections were implemented: the decimal indicator for Saskatchewan regions 8 (yield and production series) and 9 (seeded and harvested areas series) in 2017, for both metric and imperial units of measure has been removed; a decimal indicator for Manitoba soybeans 2017 imperial yield for regions 4 and 5 has been added; for years 2012-2017 (for all provinces but Québec, and only in 2017 for Ontario), the ""Wheat, all"" category for seeded area referred erroneously to ""Wheat, all"" (which includes winter wheat seeded in the previous fall) category found in provincial table 001-0017, but are now referring to ""Wheat, all including winter wheat remaining"", as it should (some regions had to have their areas, yields and production also be redistributed as a result of this change); for 2012, yields and productions for regions 1 and 2 of Manitoba sunflower seed have been corrected, in both metric and imperial units of measure; for 2016, the sum of regions for Saskatchewan canola did not equal the provincial total, therefore a proper redistribution had to be applied to regions; for 2017, barley estimates for regions 1, 3, 4 and 5 in Ontario have been completed with imperial and metric seeded and harvested areas, and with metric production; some of the yields also changed slightly as a result of the various redistributions applied above.<br><br></p>"
1124,2018-02-21,"<p>On February 21, 2018, a correction was made to corn for grain values expressed in imperial unit of measure, for Quebec's 11 sub-region levels (except region 2), year 2013; to corn for grain production expressed in metric unit of measure, for region 5 in Ontario, year 2012; and to canola yields expressed in metric unit of measure, for region 1 (Non Peace) and region 8 (Peace) of British-Columbia, year 2014 and for region 18 in Saskatchewan, year 2012. Also, a correction was made to the scalar factor for oats and corn for grain production, expressed in metric unit of measure, for Quebec's 11 sub-regions levels, year 2012.<br></p>"
1129,2019-02-22,"On February 22, 2019, the following corrections were implemented: for 2018, the sum of regions for Saskatchewan “Wheat, all” did not equal the provincial total, therefore a proper redistribution had to be applied to yields and productions for regions 4 and 15, in both metric and imperial units of measure; for 2018, the sum of regions for Saskatchewan flaxseed did not equal the provincial total, therefore a proper redistribution had to be applied to all regions.<br>"
1237,2020-02-25,"On February 25, 2020, the following corrections were implemented: A correction was made to the scalar factor for canary seed production, expressed in an imperial unit of measure, at the provincial level for Saskatchewan, year 2019. Corrections were made to canary seed yield and production, in imperial and metric units of measure, for Saskatchewan’s regions for 2019. A correction was made to canary seed yield, in imperial units of measure, in Saskatchewan for region 13 in 2018."


